녹지등록명,녹지구분,녹지위치,위도,경도, 면적(㎡) ,결정일자,데이터기준일자
연결녹지 제3호,연결녹지,영통구 매탄동 1209-3번지,37.26880084,127.0532515,1998.7,1991-02-08,2020-08-05
연결녹지 제8호,연결녹지,권선구 권선동 1354-57번지,37.23675667,127.02334,3475,2008-11-04,2020-08-05
연결녹지 제9호,연결녹지,장안구 조원동 519-74번지 일원,37.29778895,127.0191172,2873,2009-01-20,2020-08-05
연결녹지 제10호,연결녹지,팔달구 화서동 770번지,37.28802747,127.0022068,870,2009-03-13,2020-08-05
연결녹지 제11호,연결녹지,팔달구 화서동 771번지,37.28771236,127.0027318,190,2009-03-13,2020-08-05
연결녹지 제12호,연결녹지,장안구 이목동 310-3번지 일원,37.31361943,126.9833657,3116,2009-05-08,2020-08-05
연결녹지 제13호,연결녹지,장안구 이목동 317번지 일원,37.31385537,126.9840211,5544,2009-05-08,2020-08-05
연결녹지 제14호,연결녹지,장안구 이목동 325번지 일원,37.31329348,126.9853503,2992,2009-05-08,2020-08-05
연결녹지 제15호,연결녹지,장안구 이목동 321-2번지 일원,37.31396207,126.9855344,1841,2009-05-08,2020-08-05
연결녹지 제16호,연결녹지,장안구 정자동 945-1번지 일원,37.30734663,126.9823688,9021,2010-05-04,2020-08-05
연결녹지 제17호,연결녹지,장안구 정자동 944-1번지 ,37.30984798,126.984674,703,2010-05-04,2020-08-05
연결녹지 제18호,연결녹지,팔달구 인계동 319-6번지 ,37.27451847,127.0320685,2779,2012-10-19,2020-08-05
연결녹지 제19호,연결녹지,영통구 망포동 745번지 일원,37.24053446,127.0489771,375.4,2013-10-18,2020-08-05
연결녹지 제20호,연결녹지,영통구 망포동 743번지 일원,37.24066637,127.0494873,261.2,2013-10-18,2020-08-05
연결녹지 제21호,연결녹지,영통구 망포동 121-48번지 일원,37.24114985,127.0412075,2908,2016-11-01,2020-08-05
연결녹지 제1호(반정),연결녹지,영통구 망포동 777-13번지 일원,37.23389942,127.0478955,2355,2018-06-26,2020-08-05
연결녹지 제22호,연결녹지,영통구 망포동 747번지 일원,37.24037905,127.0484927,266.9,2017-03-09,2020-08-05
연결녹지 제23호,연결녹지,영통구 망포동 754번지 일원,37.24017241,127.0480449,343.3,2017-03-09,2020-08-05
연결녹지 제24호,연결녹지,권선구 곡반정동 대1-39 도로변,37.24541657,127.0359979,3050,2017-05-19,2020-08-05
연결녹지 제25호,연결녹지,권선구 곡반정동 대1-39 도로변,37.24541657,127.0359979,5742,2017-05-19,2020-08-05
연결녹지 제26호,연결녹지,권선구 곡반정동 대3-72 도로변,37.24541657,127.0359979,644,2017-05-19,2020-08-05
연결녹지 제27호,연결녹지,권선구 곡반정동 대3-72 도로변,37.24541657,127.0359979,2142,2017-05-19,2020-08-05
연결녹지 제28호,연결녹지,권선구 곡반정동 대3-72 도로변,37.24541657,127.0359979,1465,2017-05-19,2020-08-05
연결녹지 제29호,연결녹지,권선구 곡반정동 대3-72 도로변,37.24541657,127.0359979,3927,2017-05-19,2020-08-05
연결녹지 제1호(광교),연결녹지,영통구 하동 1027-2번지,37.28126644,127.0725781,3612.2,2011-11-29,2020-08-05
연결녹지 제1호(호매실),연결녹지,권선구 호매실동 1343-5번지 ,37.2697767,126.9438056,803,2008-01-11,2020-08-05
연결녹지 제2호(호매실),연결녹지,권선구 호매실동 1342-5번지,37.26915927,126.9431069,795.3,2008-01-11,2020-08-05
연결녹지 제32호,연결녹지,장안구 파장동 193번지 일원,37.31244677,126.9942202,740,2020-04-20,2020-08-05
연결녹지 제33호,연결녹지,장안구 파장동 198-10번지 일원,37.3133251,126.9955408,1770,2020-04-20,2020-08-05
연결녹지 제34호,연결녹지,장안구 이목동 478 일원,37.30840286,126.977912,1023,2020-05-15,2020-08-05
경관녹지 제1호,경관녹지,영통구 영통동 1054-5번지,37.26588824,127.0857881,6169.7,1994-01-10,2020-08-05
경관녹지 제2호,경관녹지,영통구 영통동 1051-1번지,37.25959271,127.08088,16003.2,1994-01-10,2020-08-05
경관녹지 제3호,경관녹지,영통구 영통동 1092번지,37.26202937,127.0770705,1601.7,1996-12-02,2020-08-05
경관녹지 제4호,경관녹지,영통구 영통동 1026-1번지,37.25218581,127.080928,19962.4,1994-01-10,2020-08-05
경관녹지 제5호,경관녹지,영통구 영통동 1025-10번지,37.24910032,127.0803823,5947,1994-01-10,2020-08-05
경관녹지 제6호,경관녹지,영통구 영통동 1069-6번지,37.24623528,127.0685891,6451.6,1994-01-10,2020-08-05
경관녹지 제9호,경관녹지,영통구 영통동 1057-10번지,37.24826707,127.0569396,846,1994-01-10,2020-08-05
경관녹지 제10호,경관녹지,영통구 영통동 957-5번지,37.25779956,127.0719906,1548.5,1994-01-10,2020-08-05
경관녹지 제11호,경관녹지,영통구 매탄동 866-25번지,37.26333466,127.0492659,261.9,1986-03-22,2020-08-05
경관녹지 제12호,경관녹지,권선구 탑동 873-3번지,37.26740523,126.9763448,335.8,1995-06-12,2020-08-05
경관녹지 제13호,경관녹지,영통구 매탄동 1286-4번지 일원,37.26319089,127.0435331,1454.4,1998-02-27,2020-08-05
경관녹지 제14호,경관녹지,영통구 매탄동 1352-6번지,37.26085227,127.0431591,2891.3,1998-02-27,2020-08-05
경관녹지 제15호,경관녹지,영통구 매탄동 1286번지,37.2635053,127.0437431,622.7,1998-02-27,2020-08-05
경관녹지 제16호,경관녹지,영통구 매탄동 1352-2번지,37.26337075,127.039852,855,2004-10-11,2020-08-05
경관녹지 제17호,경관녹지,영통구 매탄동 1352-4번지,37.26136049,127.0389956,1362,2004-10-11,2020-08-05
경관녹지 제18호,경관녹지,장안구 율전동 544-1번지 일원,37.30783121,126.9664985,884,2001-10-22,2020-08-05
경관녹지 제19호,경관녹지,영통구 이의동 1088-40번지 일원,37.29682076,127.0361013,1270,2004-12-27,2020-08-05
경관녹지 제20호,경관녹지,영통구 이의동 1088-36번지 일원,37.296251,127.0359915,1087,2004-12-27,2020-08-05
경관녹지 제36호,경관녹지,장안구 조원동 912-3번지 일원,37.30771812,127.0138532,3254,2007-09-03,2020-08-05
경관녹지 제37호,경관녹지,권선구 서둔동 66번지 일원,37.26028611,126.9893394,283,2006-08-21,2020-08-05
경관녹지 제38호,경관녹지,권선구 곡반정동 549-16번지,37.24022053,127.0310019,170.1,1997-07-12,2020-08-05
경관녹지 제39호,경관녹지,권선구 권선동 1361-1번지,37.24560746,127.0278787,1364,2008-11-04,2020-08-05
경관녹지 제40호,경관녹지,권선구 권선동 1360-4번지,37.24546568,127.0275896,1589,2008-11-04,2020-08-05
경관녹지 제41호,경관녹지,권선구 권선동 1357-2번지,37.24192652,127.027083,2161,2008-11-04,2020-08-05
경관녹지 제42호,경관녹지,권선구 권선동 1359-3번지,37.24198611,127.0268649,2148,2008-11-04,2020-08-05
경관녹지 제43호,경관녹지,권선구 권선동 1356-1번지,37.23835565,127.0258571,1655,2008-11-04,2020-08-05
경관녹지 제44호,경관녹지,권선구 권선동 1355-3번지 ,37.23898173,127.0259041,995,2008-11-04,2020-08-05
경관녹지 제46호,경관녹지,권선구 권선동 1339-1번지 ,37.24247291,127.0194873,962,2008-11-04,2020-08-05
경관녹지 제47호,경관녹지,권선구 권선동 1342-12번지 ,37.24241347,127.0190866,1008,2008-11-04,2020-08-05
경관녹지 제48호,경관녹지,권선구 권선동 1338-2번지 ,37.24363755,127.0193406,926,2008-11-04,2020-08-05
경관녹지 제49호,경관녹지,권선구 권선동 1340-3번지 ,37.24361643,127.0189359,913,2008-11-04,2020-08-05
경관녹지 제50호,경관녹지,권선구 권선동 1337-1번지 ,37.24623403,127.0190373,3304,2008-11-04,2020-08-05
경관녹지 제51호,경관녹지,권선구 권선동 1335-4번지 ,37.24600542,127.0186505,3069,2008-11-04,2020-08-05
경관녹지 제52호,경관녹지,권선구 권선동 1335-2번지 ,37.24785576,127.0184268,299,2008-11-04,2020-08-05
경관녹지 제53호,경관녹지,장안구 송죽동 381-4번지 일원,37.29797039,127.0069668,2321.4,2008-12-31,2020-08-05
경관녹지 제54호,경관녹지,권선구 오목천동 1177-1번지 일원,37.23242789,126.9756092,11762.2,2009-12-07,2020-08-05
경관녹지 제58호,경관녹지,권선구 평동 135-1번지 일원,37.26185749,126.9987034,1564,2017-08-09,2020-08-05
경관녹지 제59호,경관녹지,팔달구 인계동 157-7,37.27523034,127.0381394,183,2017-12-14,2020-08-05
경관녹지 제48호(광교),경관녹지,영통구 이의동 산78-7번지 일원,37.30949953,127.0359945,4217,2007-06-28,2020-08-05
경관녹지 제49호(광교),경관녹지,영통구 이의동 1176번지,37.31144504,127.0380105,10099.6,2007-06-28,2020-08-05
경관녹지 제50호(광교),경관녹지,영통구 이의동 1180-1번지,37.31169709,127.0395664,4909.3,2007-06-28,2020-08-05
경관녹지 제51호(광교),경관녹지,영통구 이의동 1189번지,37.31166718,127.0428982,5715,2007-06-28,2020-08-05
경관녹지 제52호(광교),경관녹지,영통구 이의동 1198번지,37.31205184,127.0443514,6318,2007-06-28,2020-08-05
경관녹지 제53호(광교),경관녹지,영통구 이의동 1214-2번지 일원,37.30936138,127.0500903,1286.9,2007-06-28,2020-08-05
경관녹지 제54호(광교),경관녹지,영통구 이의동 1218번지 일원,37.31160723,127.052089,14149,2007-06-28,2020-08-05
경관녹지 제55호(광교),경관녹지,영통구 이의동 1220번지 일원,37.31224134,127.0543689,32392.9,2007-06-28,2020-08-05
경관녹지 제56호(광교),경관녹지,영통구 이의동 1227번지 일원,37.30520063,127.0529308,45564.7,2007-06-28,2020-08-05
경관녹지 제57호(광교),경관녹지,영통구 이의동 산13-98번지 일원,37.30132551,127.0516336,15666,2007-06-28,2020-08-05
경관녹지 제58호(광교),경관녹지,영통구 이의동 1231번지,37.30028083,127.0570314,17091.1,2007-06-28,2020-08-05
경관녹지 제59호(광교),경관녹지,영통구 이의동 1231-1번지,37.301017,127.0596635,3540,2007-06-28,2020-08-05
경관녹지 제60호(광교),경관녹지,영통구 하동 산12-4번지 일원,37.29296098,127.0803902,51725,2007-06-28,2020-08-05
경관녹지 제61호(광교),경관녹지,영통구 이의동 1254-1번지,37.29941056,127.0418545,6002.9,2007-06-28,2020-08-05
경관녹지 제62호(광교),경관녹지,영통구 이의동 1252-4번지 일원,37.30228266,127.0386878,5493,2007-06-28,2020-08-05
경관녹지 제63호(광교),경관녹지,영통구 이의동 1072-3번지 일원,37.30522223,127.036437,21685,2007-06-28,2020-08-05
경관녹지 제64호(광교),경관녹지,영통구 이의동 1191-4번지,37.31072551,127.0429122,120.2,2011-06-14,2020-08-05
경관녹지 제65호(광교),경관녹지,영통구 이의동 1193-4번지,37.31013007,127.0432431,1052.3,2011-06-14,2020-08-05
경관녹지 제66호(광교),경관녹지,영통구 이의동 1361번지 일원,37.28554857,127.0411291,6520.9,2011-06-14,2020-08-05
경관녹지 제67호(광교),경관녹지,영통구 원천동 559-1번지,37.28081171,127.0499126,2183.6,2011-06-14,2020-08-05
경관녹지 제68호(광교),경관녹지,영통구 원천동 562-1번지,37.27849695,127.0486241,2452.8,2011-06-14,2020-08-05
경관녹지 제69호(광교),경관녹지,영통구 이의동 821-7번지 일원 ,37.29577546,127.0474149,8264.5,2011-06-14,2020-08-05
경관녹지 제70호(광교),경관녹지,영통구 이의동 1355-2번지 일원,37.28639189,127.0403244,665.4,2015-09-18,2020-08-05
경관녹지 제71호(광교),경관녹지,영통구 이의동 1188번지 일원,37.31075464,127.042646,265,2015-12-24,2020-08-05
경관녹지 제21호(호매실),경관녹지,권선구 금곡동 1061-5번지,37.27829553,126.9443581,1089.6,2006-12-20,2020-08-05
경관녹지 제22호(호매실),경관녹지,권선구 금곡동 1067번지 ,37.27786621,126.9450158,796.3,2008-01-11,2020-08-05
경관녹지 제23호(호매실),경관녹지,권선구 금곡동 1060번지,37.27702549,126.9429559,8736.4,2008-01-11,2020-08-05
경관녹지 제26호(호매실),경관녹지,권선구 호매실동 1408-8번지,37.25458926,126.9589085,55,2008-01-11,2020-08-05
경관녹지 제27호(호매실),경관녹지,권선구 금곡동 1093-2번지,37.27354242,126.945441,483.7,2008-01-11,2020-08-05
경관녹지 제28호(호매실),경관녹지,권선구 호매실동 498-13번지 일원,37.26678291,126.9452648,3216,2008-01-11,2020-08-05
경관녹지 제29호(호매실),경관녹지,권선구 금곡동 1144번지,37.27055525,126.9542398,534.8,2006-12-20,2020-08-05
경관녹지 제31호(호매실),경관녹지,권선구 호매실동 1373번지,37.26666042,126.9606432,2151.5,2008-01-11,2020-08-05
경관녹지 제33호(호매실),경관녹지,권선구 호매실동 1418번지,37.25866842,126.9560923,302.7,2008-01-11,2020-08-05
경관녹지 제34호(호매실),경관녹지,권선구 호매실동 1417번지,37.25849842,126.9568005,1192.8,2008-01-11,2020-08-05
경관녹지 제35호(호매실),경관녹지,권선구 호매실동 1408-7번지,37.25446107,126.9585098,132.1,2008-01-11,2020-08-05
경관녹지 제54호(호매실),경관녹지,권선구 호매실동 1416번지,37.25729324,126.9591387,8916.9,2010-11-15,2020-08-05
경관녹지 제55호(호매실),경관녹지,권선구 호매실동 1421번지,37.25794849,126.9523763,2910.1,2010-11-15,2020-08-05
경관녹지 제56호(호매실),경관녹지,권선구 호매실동 1416-1번지,37.25842397,126.9576001,1185.9,2010-11-15,2020-08-05
경관녹지 제57호(호매실),경관녹지,권선구 금곡동 1151-1번지,37.27479668,126.9504751,11110.2,2016-12-29,2020-08-05
경관녹지 제60호(당수-1),경관녹지,권선구 당수동 696-7 일원,37.28086963,126.9411078,1023,2017-03-28,2020-08-05
경관녹지 제61호(당수-2),경관녹지,권선구 금곡동 845-4 일원,37.279529,126.9405626,1311,2017-03-28,2020-08-05
경관녹지 제62호(당수-3),경관녹지,권선구 당수동 692-16 일원,37.27768128,126.9418772,379,2017-03-28,2020-08-05
경관녹지 제63호,경관녹지,장안구 파장동 198-10번지 일원,37.3133251,126.9955408,2518,2020-04-20,2020-08-05
경관녹지 제64호,경관녹지,장안구 이목동 478 일원,37.30840286,126.977912,2876,2020-05-15,2020-08-05
완충녹지 제7호,완충녹지,팔달구 화서동 689-2번지,37.28571477,126.9882261,705,1974-08-27,2020-08-05
완충녹지 제55호,완충녹지,장안구 이목동 479-3번지 일원,37.30909258,126.9751347,299,1986-12-08,2020-08-05
완충녹지 제58호,완충녹지,장안구 이목동 266-17번지 일원,37.31509885,126.9816715,5754,1986-12-08,2020-08-05
완충녹지 제59호,완충녹지,장안구 이목동 243-23번지 일원,37.31655948,126.9831892,1382,1986-12-08,2020-08-05
완충녹지 제60호,완충녹지,장안구 이목동 산99번지 일원,37.31757914,126.9853772,2071,1986-12-08,2020-08-05
완충녹지 제62호,완충녹지,팔달구 우만동 273번지 ,37.29201892,127.0300876,891,1986-12-08,2020-08-05
완충녹지 제63호,완충녹지,팔달구 우만동 274번지 일원,37.29221569,127.0324665,2001,1986-12-08,2020-08-05
완충녹지 제64호,완충녹지,팔달구 우만동 276번지 일원,37.29249039,127.0335649,2044,1986-12-08,2020-08-05
완충녹지 제65호,완충녹지,팔달구 인계동 1047번지,37.27672972,127.0304747,265,1986-12-08,2020-08-05
완충녹지 제66호,완충녹지,팔달구 인계동 1047번지,37.27672972,127.0304747,272,1986-12-08,2020-08-05
완충녹지 제67호,완충녹지,팔달구 인계동 1047번지,37.27672972,127.0304747,112,1986-12-08,2020-08-05
완충녹지 제68호,완충녹지,팔달구 인계동 1047번지,37.27672972,127.0304747,42,1986-12-08,2020-08-05
완충녹지 제69호,완충녹지,팔달구 인계동 1047번지,37.27672972,127.0304747,520,1986-12-08,2020-08-05
완충녹지 제70호,완충녹지,팔달구 인계동 1047번지,37.27672972,127.0304747,217,1986-12-08,2020-08-05
완충녹지 제71호,완충녹지,팔달구 인계동 1047번지,37.27672972,127.0304747,65,1986-12-08,2020-08-05
완충녹지 제72호,완충녹지,팔달구 인계동 1048번지,37.2716183,127.0284718,246,1986-12-08,2020-08-05
완충녹지 제73호,완충녹지,팔달구 인계동 1048번지,37.2716183,127.0284718,350,1986-12-08,2020-08-05
완충녹지 제74호,완충녹지,팔달구 인계동 1048번지,37.2716183,127.0284718,332,1986-12-08,2020-08-05
완충녹지 제75호,완충녹지,팔달구 인계동 1048번지,37.2716183,127.0284718,349,1986-12-08,2020-08-05
완충녹지 제76호,완충녹지,팔달구 인계동 1048번지,37.2716183,127.0284718,190.9,1986-12-08,2020-08-05
완충녹지 제77호,완충녹지,팔달구 인계동 1048번지,37.2716183,127.0284718,245,1986-12-08,2020-08-05
완충녹지 제78호,완충녹지,팔달구 인계동 1048번지,37.2716183,127.0284718,52,1986-12-08,2020-08-05
완충녹지 제79호,완충녹지,팔달구 인계동 1048번지,37.2716183,127.0284718,34,1986-12-08,2020-08-05
완충녹지 제80호,완충녹지,팔달구 인계동 1048번지,37.2716183,127.0284718,164,1986-12-08,2020-08-05
완충녹지 제81호,완충녹지,팔달구 인계동 1048번지,37.2716183,127.0284718,111,1986-12-08,2020-08-05
완충녹지 제82호,완충녹지,팔달구 인계동 1048번지,37.2716183,127.0284718,96,1986-12-08,2020-08-05
완충녹지 제83호,완충녹지,팔달구 인계동 1048번지,37.2716183,127.0284718,122,1986-12-08,2020-08-05
완충녹지 제84호,완충녹지,팔달구 인계동 1048번지,37.2716183,127.0284718,300,1986-12-08,2020-08-05
완충녹지 제85호,완충녹지,팔달구 인계동 1048번지,37.2716183,127.0284718,369,1986-12-08,2020-08-05
완충녹지 제86호,완충녹지,팔달구 인계동 1048번지,37.2716183,127.0284718,134,1986-12-08,2020-08-05
완충녹지 제87호,완충녹지,팔달구 인계동 1048번지,37.2716183,127.0284718,119,1986-12-08,2020-08-05
완충녹지 제88호,완충녹지,팔달구 인계동 1097번지,37.26588452,127.0262083,237,1986-12-08,2020-08-05
완충녹지 제89호,완충녹지,팔달구 인계동 1097번지,37.26588452,127.0262083,180,1986-12-08,2020-08-05
완충녹지 제90호,완충녹지,팔달구 인계동 1097번지,37.26588452,127.0262083,948,1986-12-08,2020-08-05
완충녹지 제91호,완충녹지,팔달구 인계동 1097번지,37.26588452,127.0262083,1114,1986-12-08,2020-08-05
완충녹지 제92호,완충녹지,팔달구 인계동 1097번지,37.26588452,127.0262083,681,1986-12-08,2020-08-05
완충녹지 제93호,완충녹지,팔달구 인계동 1097번지,37.26588452,127.0262083,357,1986-12-08,2020-08-05
완충녹지 제94호,완충녹지,팔달구 인계동 1097번지,37.26588452,127.0262083,115,1986-12-08,2020-08-05
완충녹지 제95호,완충녹지,권선구 권선동 1119번지,37.25930309,127.0234202,129,1986-12-08,2020-08-05
완충녹지 제96호,완충녹지,권선구 권선동 1119번지,37.25930309,127.0234202,761,1986-12-08,2020-08-05
완충녹지 제97호,완충녹지,권선구 권선동 1119번지,37.25930309,127.0234202,672,1986-12-08,2020-08-05
완충녹지 제98호,완충녹지,권선구 권선동 1119번지,37.25930309,127.0234202,552,1986-12-08,2020-08-05
완충녹지 제99호,완충녹지,권선구 권선동 1119번지,37.25930309,127.0234202,659,1986-12-08,2020-08-05
완충녹지 제100호,완충녹지,권선구 권선동 1119번지,37.25930309,127.0234202,183,1986-12-08,2020-08-05
완충녹지 제101호,완충녹지,권선구 권선동 1119번지,37.25930309,127.0234202,106,1986-12-08,2020-08-05
완충녹지 제102호,완충녹지,권선구 권선동 1119번지,37.25930309,127.0234202,179,1986-12-08,2020-08-05
완충녹지 제103호,완충녹지,권선구 권선동 1119번지,37.25930309,127.0234202,96,1986-12-08,2020-08-05
완충녹지 제104호,완충녹지,권선구 권선동 1119번지,37.25930309,127.0234202,618,1986-12-08,2020-08-05
완충녹지 제105호,완충녹지,권선구 권선동 1119번지,37.25930309,127.0234202,199,1986-12-08,2020-08-05
완충녹지 제106호,완충녹지,권선구 권선동 1119번지,37.25930309,127.0234202,521,1986-12-08,2020-08-05
완충녹지 제107호,완충녹지,권선구 권선동 1119번지,37.25930309,127.0234202,671,1986-12-08,2020-08-05
완충녹지 제108호,완충녹지,권선구 권선동 1119번지,37.25930309,127.0234202,529,1986-12-08,2020-08-05
완충녹지 제109호,완충녹지,권선구 권선동 1119번지,37.25930309,127.0234202,156,1986-12-08,2020-08-05
완충녹지 제110호,완충녹지,권선구 권선동 1119번지,37.25930309,127.0234202,108,1986-12-08,2020-08-05
완충녹지 제111호,완충녹지,권선구 세류동 1215번지,37.25268214,127.019876,104,1986-12-08,2020-08-05
완충녹지 제112호,완충녹지,권선구 권선동 1119번지,37.25930309,127.0234202,837,1986-12-08,2020-08-05
완충녹지 제113호,완충녹지,권선구 세류동 1215번지,37.25268214,127.019876,778,1986-12-08,2020-08-05
완충녹지 제114호,완충녹지,권선구 세류동 1215번지,37.25268214,127.019876,745,1986-12-08,2020-08-05
완충녹지 제115호,완충녹지,권선구 세류동 1215번지,37.25268214,127.019876,747,1986-12-08,2020-08-05
완충녹지 제116호,완충녹지,권선구 세류동 1215번지,37.25268214,127.019876,649,1986-12-08,2020-08-05
완충녹지 제117호,완충녹지,권선구 세류동 1215번지,37.25268214,127.019876,49,1986-12-08,2020-08-05
완충녹지 제118호,완충녹지,권선구 세류동 1215번지 일원,37.25268214,127.019876,580,1986-12-08,2020-08-05
완충녹지 제119호,완충녹지,권선구 세류동 1227번지,37.24469654,127.0173176,513,1986-12-08,2020-08-05
완충녹지 제120호,완충녹지,권선구 세류동 1227번지,37.24469654,127.0173176,641,1986-12-08,2020-08-05
완충녹지 제121호,완충녹지,권선구 세류동 1227번지,37.24469654,127.0173176,530,1986-12-08,2020-08-05
완충녹지 제122호,완충녹지,권선구 세류동 1227번지,37.24469654,127.0173176,444,1986-12-08,2020-08-05
완충녹지 제123호,완충녹지,권선구 세류동 1227번지,37.24469654,127.0173176,153,1986-12-08,2020-08-05
완충녹지 제124호,완충녹지,권선구 세류동 1227번지,37.24469654,127.0173176,159,1986-12-08,2020-08-05
완충녹지 제125호,완충녹지,권선구 세류동 1227번지,37.24469654,127.0173176,157,1986-12-08,2020-08-05
완충녹지 제126호,완충녹지,권선구 세류동 1227번지,37.24469654,127.0173176,358,1986-12-08,2020-08-05
완충녹지 제127호,완충녹지,권선구 세류동 1227번지,37.24469654,127.0173176,182,1986-12-08,2020-08-05
완충녹지 제128호,완충녹지,권선구 세류동 1227번지,37.24469654,127.0173176,465,1986-12-08,2020-08-05
완충녹지 제130호,완충녹지,권선구 구운동 476-12번지 일원,37.2808707,126.9740881,1202,1986-12-08,2020-08-05
완충녹지 제131호,완충녹지,권선구 구운동 463-9번지 일원,37.28113231,126.9745339,1119,1986-12-08,2020-08-05
완충녹지 제132호,완충녹지,권선구 구운동 477-11번지 일원,37.28043024,126.9748622,1330,1986-12-08,2020-08-05
완충녹지 제133호,완충녹지,권선구 구운동 466-1번지,37.27897619,126.976971,498,1986-12-08,2020-08-05
완충녹지 제134호,완충녹지,권선구 구운동 502번지,37.27831733,126.9769492,401,1986-12-08,2020-08-05
완충녹지 제135호,완충녹지,권선구 구운동 506-9번지,37.27774725,126.9775159,1021,1986-12-08,2020-08-05
완충녹지 제136호,완충녹지,권선구 구운동 467-4번지,37.27809742,126.9778261,694,1986-12-08,2020-08-05
완충녹지 제137호,완충녹지,권선구 구운동 507번지 일원,37.27701472,126.978264,655,1986-12-08,2020-08-05
완충녹지 제138호,완충녹지,장안구 조원동 842-3번지,37.30462717,127.0126538,1690,1996-12-12,2020-08-05
완충녹지 제139호,완충녹지,장안구 조원동 842-2번지,37.30573246,127.0136644,1117,1996-12-12,2020-08-05
완충녹지 제140호,완충녹지,권선구 고색동 978번지(대로3-39변),37.2429125,126.9745072,4051.6,1996-09-23,2020-08-05
완충녹지 제141호,완충녹지,권선구 고색동 963번지,37.24434981,126.9761245,3067,1996-09-23,2020-08-05
완충녹지 제142호,완충녹지,권선구 고색동 918번지,37.24348288,126.9788784,2815.7,1996-09-23,2020-08-05
완충녹지 제143호,완충녹지,권선구 고색동 923번지,37.24230138,126.9794071,3062.6,1996-09-23,2020-08-05
완충녹지 제144호,완충녹지,권선구 고색동 927번지,37.2408036,126.9800828,3205.7,1996-09-23,2020-08-05
완충녹지 제145호,완충녹지,영통구 매탄동 1228-9번지,37.26408483,127.0505183,963,1991-02-08,2020-08-05
완충녹지 제146호,완충녹지,영통구 매탄동 1228-6번지,37.26616374,127.0519153,780.9,1991-02-08,2020-08-05
완충녹지 제147호,완충녹지,영통구매탄동 1217-10번지,37.26338584,127.0498307,581,1991-02-08,2020-08-05
완충녹지 제148호,완충녹지,영통구 매탄동 1194번지,37.27283938,127.0530941,477.2,1991-02-08,2020-08-05
완충녹지 제149호,완충녹지,영통구 매탄동 1197-1번지,37.27210087,127.0552081,522,1991-02-08,2020-08-05
완충녹지 제150호,완충녹지,영통구 매탄동 1230-3번지 ,37.26608213,127.0573326,1669.1,1995-11-22,2020-08-05
완충녹지 제151호,완충녹지,영통구 매탄동 1230-1번지 일원,37.26537818,127.056098,1493,1995-11-22,2020-08-05
완충녹지 제152호,완충녹지,영통구 매탄동 1229-18번지,37.26475605,127.0546924,792,1995-11-22,2020-08-05
완충녹지 제153호,완충녹지,영통구 원천동 548-4번지 ,37.26791936,127.061657,832.7,1996-08-13,2020-08-05
완충녹지 제154호,완충녹지,영통구 원천동548-3번지 일원,37.2687116,127.0633752,2978.3,1995-11-22,2020-08-05
완충녹지 제155호,완충녹지,권선구 권선동 1236번지,37.25468523,127.0355783,1288.6,1993-07-10,2020-08-05
완충녹지 제157호,완충녹지,권선구 권선동 1242번지 ,37.25362557,127.0351165,1834,1993-07-10,2020-08-05
완충녹지 제158호,완충녹지,권선구 권선동 1245번지,37.25200683,127.0344059,2510.6,1993-07-10,2020-08-05
완충녹지 제159호,완충녹지,권선구 권선동 1271번지,37.25045362,127.03374,1802.2,1993-07-10,2020-08-05
완충녹지 제160호,완충녹지,권선구 권선동 1272번지  ,37.24792037,127.0319784,8299.6,1993-07-10,2020-08-05
완충녹지 제161호,완충녹지,권선구 권선동 1266번지 ,37.24800543,127.0278089,3639.1,1993-07-10,2020-08-05
완충녹지 제162호,완충녹지,권선구 권선동 1204번지,37.25214096,127.0204068,4234,1991-03-16,2020-08-05
완충녹지 제163호,완충녹지,권선구 권선동 1204번지 ,37.25214096,127.0204068,812,1991-03-16,2020-08-05
완충녹지 제164호,완충녹지,권선구 권선동 1204번지,37.25214096,127.0204068,825,1991-03-16,2020-08-05
완충녹지 제165호,완충녹지,권선구 권선동 1282-1번지,37.25372529,127.039374,775,1997-04-23,2020-08-05
완충녹지 제166호,완충녹지,권선구 권선동 1282-3번지,37.25327636,127.0386928,343,1997-04-23,2020-08-05
완충녹지 제167호,완충녹지,권선구 권선동 1283-1번지,37.25265371,127.0377487,820,1997-04-23,2020-08-05
완충녹지 제168호,완충녹지,권선구 권선동 1282-5번지,37.25307267,127.038389,73,1997-04-23,2020-08-05
완충녹지 제169호,완충녹지,권선구 권선동 1300-1번지 일원,37.25312583,127.0400586,230,1997-04-23,2020-08-05
완충녹지 제170호,완충녹지,권선구 권선동 1300-12번지 ,37.25193301,127.0408642,1226.6,1997-04-23,2020-08-05
완충녹지 제171호,완충녹지,권선구 권선동 1302-1번지,37.25105321,127.0411073,1170.6,1997-04-23,2020-08-05
완충녹지 제172호,완충녹지,권선구 권선동 1304-1번지,37.24994249,127.040274,1664.6,1997-04-23,2020-08-05
완충녹지 제173호,완충녹지,권선구 권선동 1305-1번지,37.24877558,127.039432,1239.6,1997-04-23,2020-08-05
완충녹지 제174호,완충녹지,권선구 권선동 1321-1번지,37.24743577,127.0386698,1750.1,1997-04-23,2020-08-05
완충녹지 제175호,완충녹지,권선구 권선동 1323-1번지 일원,37.24601983,127.0376785,3217.2,1997-04-23,2020-08-05
완충녹지 제176호,완충녹지,권선구 권선동 1322-2번지 ,37.24616635,127.0359847,1206.2,1997-04-23,2020-08-05
완충녹지 제177호,완충녹지,권선구 권선동 1316-1번지,37.24650277,127.0345536,1282.2,1997-04-23,2020-08-05
완충녹지 제178호,완충녹지,권선구 권선동 1315-2번지,37.24714548,127.0331985,2520.3,1997-04-23,2020-08-05
완충녹지 제179호,완충녹지,권선구 권선동 1312-2번지,37.2484681,127.0334767,1098.1,1997-04-23,2020-08-05
완충녹지 제180호,완충녹지,권선구 권선동 1294-3번지,37.25160178,127.0347953,390.1,2000-01-04,2020-08-05
완충녹지 제181호,완충녹지,장안구 천천동 573-8번지 ,37.30002913,126.976391,863.4,1993-12-22,2020-08-05
완충녹지 제182호,완충녹지,장안구 천천동 574번지,37.2999452,126.9773363,780.7,1993-12-22,2020-08-05
완충녹지 제183호,완충녹지,장안구 천천동 570-1번지,37.30020242,126.9784783,874.4,1993-12-22,2020-08-05
완충녹지 제184호,완충녹지,장안구 천천동 576번지,37.30374837,126.9731882,1233.2,1996-10-30,2020-08-05
완충녹지 제186호,완충녹지,장안구 천천동 482-1번지 ,37.30238794,126.9822558,1572.9,1996-10-30,2020-08-05
완충녹지 제187호,완충녹지,장안구 천천동 483-1번지 ,37.3029204,126.9825575,695.3,1996-10-30,2020-08-05
완충녹지 제188호,완충녹지,장안구 천천동 484-1번지 ,37.30261529,126.9829349,553.4,1996-10-30,2020-08-05
완충녹지 제189호,완충녹지,장안구 천천동 485번지 일원,37.3018437,126.983276,2636,1996-10-30,2020-08-05
완충녹지 제190호,완충녹지,장안구 천천동 500번지? ,37.29918089,126.9779866,2595.3,1996-10-30,2020-08-05
완충녹지 제191호,완충녹지,장안구 천천동 511-1번지 ,37.2976289,126.9795117,3066.7,1996-10-30,2020-08-05
완충녹지 제192호,완충녹지,장안구 정자동 919-3번지,37.29359679,126.983112,3381.8,1996-10-30,2020-08-05
완충녹지 제193호,완충녹지,장안구 정자동 922-1번지 ,37.29190516,126.9852103,3931.1,1996-10-30,2020-08-05
완충녹지 제194호,완충녹지,장안구 정자동 926-1번지,37.29046477,126.9859758,420.4,1996-10-30,2020-08-05
완충녹지 제195호,완충녹지,장안구 정자동 926-2번지,37.28994004,126.9864295,701.1,1996-10-30,2020-08-05
완충녹지 제196호,완충녹지,장안구 천천동 512-1번지,37.30053348,126.9832673,1012.1,1996-10-30,2020-08-05
완충녹지 제197호,완충녹지,장안구 천천동 513-1번지,37.29915456,126.9838253,2343.8,1996-10-30,2020-08-05
완충녹지 제198호,완충녹지,장안구 천천동 531-1번지,37.29723145,126.9851637,2251.2,1996-10-30,2020-08-05
완충녹지 제199호,완충녹지,장안구 정자동 918-2번지,37.29504328,126.9864559,1975.8,1996-10-30,2020-08-05
완충녹지 제200호,완충녹지,장안구 정자동 923-1번지,37.29274246,126.9875214,3074,1996-10-30,2020-08-05
완충녹지 제201호,완충녹지,장안구 정자동 913-1번지,37.30157052,126.9854506,899.1,1996-10-30,2020-08-05
완충녹지 제202호,완충녹지,장안구 천천동 519번지,37.29973276,126.9844852,2276.6,1999-07-07,2020-08-05
완충녹지 제203호,완충녹지,장안구 정자동 911-3번지,37.30098344,126.9874026,567.6,1999-07-07,2020-08-05
완충녹지 제204호,완충녹지,장안구 정자동 911-2번지,37.30123498,126.9884011,40,1999-07-07,2020-08-05
완충녹지 제205호,완충녹지,장안구 정자동 911-1번지,37.30160297,126.9890643,684,1999-07-07,2020-08-05
완충녹지 제206호,완충녹지,장안구 정자동 872-6번지 일원 ,37.29904267,126.993348,4887,1996-07-23,2020-08-05
완충녹지 제207호,완충녹지,장안구 정자동 877-8번지 ,37.29561349,126.9932612,1056,1996-07-23,2020-08-05
완충녹지 제208호,완충녹지,장안구 정자동 878-7번지 ,37.29478003,126.9937614,416,1996-07-23,2020-08-05
완충녹지 제209호,완충녹지,장안구 정자동 884-1번지 ,37.29365676,126.9944373,962,1996-07-23,2020-08-05
완충녹지 제210호,완충녹지,장안구 정자동 886-4번지 ,37.29219072,126.9953198,2209,1996-07-23,2020-08-05
완충녹지 제211호,완충녹지,장안구 정자동 887-3번지 일원 ,37.29064944,126.9962354,4284,1996-07-23,2020-08-05
완충녹지 제212호,완충녹지,장안구 정자동 873-1번지 ,37.29953721,126.9945742,527,1996-07-23,2020-08-05
완충녹지 제213호,완충녹지,장안구 정자동 871-5번지 일원,37.29755849,126.9894524,3298,1996-07-23,2020-08-05
완충녹지 제214호,완충녹지,장안구 정자동 879-6번지 일원,37.29534406,126.9928799,3305,1996-07-23,2020-08-05
완충녹지 제215호,완충녹지,장안구 정자동 883-1번지,37.29347069,126.9940219,953,1996-07-23,2020-08-05
완충녹지 제216호,완충녹지,장안구 정자동 888-3번지,37.29248733,126.9946156,1031,1996-07-23,2020-08-05
완충녹지 제217호,완충녹지,장안구 정자동 880-10번지 ,37.29285287,126.9893803,1168,1996-07-23,2020-08-05
완충녹지 제218호,완충녹지,장안구 정자동 880-8번지 ,37.2931949,126.9902279,299,1996-07-23,2020-08-05
완충녹지 제219호,완충녹지,장안구 정자동 880-4번지,37.29340102,126.9907933,617,1996-07-23,2020-08-05
완충녹지 제220호,완충녹지,장안구 정자동 881-5번지,37.2912134,126.9883362,441,1996-07-23,2020-08-05
완충녹지 제221호,완충녹지,장안구 정자동 882-6번지,37.29250892,126.9902139,689,1996-07-23,2020-08-05
완충녹지 제222호,완충녹지,장안구 정자동 883-5번지,37.29344683,126.9926474,423,1996-07-23,2020-08-05
완충녹지 제223호,완충녹지,장안구 정자동 884-8번지,37.29502712,126.995236,664,1996-07-23,2020-08-05
완충녹지 제224호,완충녹지,장안구 정자동 885-2번지,37.29677154,126.9969208,505,1996-07-23,2020-08-05
완충녹지 제225호,완충녹지,장안구 정자동 870-9번지,37.29646811,126.9872587,409,1996-07-23,2020-08-05
완충녹지 제226호,완충녹지,장안구 정자동 870-6번지,37.29693675,126.9882571,599,1996-07-23,2020-08-05
완충녹지 제228호,완충녹지,장안구 정자동 881-1번지,37.29163386,126.9892995,629,1996-07-23,2020-08-05
완충녹지 제229호,완충녹지,장안구 정자동 882-1번지,37.29178379,126.9896882,653,1996-07-23,2020-08-05
완충녹지 제230호,완충녹지,장안구 정자동 889-5번지,37.29099513,126.9908119,624,1996-07-23,2020-08-05
완충녹지 제231호,완충녹지,팔달구 화서동 680-4번지,37.28617308,126.9899555,72.3,1996-07-23,2020-08-05
완충녹지 제232호,완충녹지,장안구 정자동 870-7번지,37.29533209,126.9873421,946,1996-07-23,2020-08-05
완충녹지 제233호,완충녹지,장안구 정자동 880-6번지,37.29347769,126.9884226,692,1996-07-23,2020-08-05
완충녹지 제234호,완충녹지,장안구 정자동 900-2번지 일원 ,37.29044946,126.9896765,505.6,1996-07-23,2020-08-05
완충녹지 제235호,완충녹지,팔달구 화서동 674-2번지,37.28882556,126.9873729,1179,1996-07-23,2020-08-05
완충녹지 제236호,완충녹지,팔달구 화서동 683-9번지,37.28805339,126.9880204,1674,1996-07-23,2020-08-05
완충녹지 제237호,완충녹지,팔달구 화서동 682-5번지,37.28734435,126.9885788,882,1996-07-23,2020-08-05
완충녹지 제238호,완충녹지,팔달구 화서동 681-9번지,37.28665279,126.9890471,1141,1996-07-23,2020-08-05
완충녹지 제239호,완충녹지,팔달구 화서동 695-2번지,37.28760746,126.9876229,4641.2,1996-07-23,2020-08-05
완충녹지 제240호,완충녹지,팔달구 화서동 684-3번지,37.28745856,126.9869332,11558.3,1996-07-23,2020-08-05
완충녹지 제241호,완충녹지,팔달구 화서동 711-1번지,37.28871353,126.9783795,1071.2,1996-10-30,2020-08-05
완충녹지 제242호,완충녹지,팔달구 화서동 742-1번지,37.28930844,126.9799367,1606.4,1996-10-30,2020-08-05
완충녹지 제243호,완충녹지,팔달구 화서동 742-3번지 일원,37.29014728,126.9821058,2511.8,1996-10-30,2020-08-05
완충녹지 제244호,완충녹지,팔달구 화서동 718-3번지 ,37.28822943,126.9783771,1617,1996-10-30,2020-08-05
완충녹지 제245호,완충녹지,팔달구 화서동 713-1번지 ,37.28893025,126.979998,1502.8,1996-10-30,2020-08-05
완충녹지 제246호,완충녹지,팔달구 화서동 708-1번지 ,37.28960898,126.9818367,1262,1996-10-30,2020-08-05
완충녹지 제247호,완충녹지,팔달구 화서동 706-1번지 ,37.29006389,126.9838851,2904.7,1996-10-30,2020-08-05
완충녹지 제248호,완충녹지,팔달구 화서동 720-3번지 ,37.28760359,126.9795388,155,1996-10-30,2020-08-05
완충녹지 제249호,완충녹지,팔달구 화서동 720-2번지,37.28819886,126.9792726,122,1996-10-30,2020-08-05
완충녹지 제250호,완충녹지,팔달구 화서동 720-1번지,37.28842516,126.9792116,27,1996-10-30,2020-08-05
완충녹지 제251호,완충녹지,팔달구 화서동 706-3번지,37.28912671,126.9849053,1744.3,1996-10-30,2020-08-05
완충녹지 제252호,완충녹지,팔달구 화서동 721-12번지,37.28618456,126.9793494,2317.6,1996-10-30,2020-08-05
완충녹지 제253호,완충녹지,팔달구 화서동 730-1번지 ,37.28424489,126.9817834,4082.6,1996-10-30,2020-08-05
완충녹지 제254호,완충녹지,팔달구 화서동 703-2번지,37.28472749,126.9852113,1831.1,1996-10-30,2020-08-05
완충녹지 제255호,완충녹지,팔달구 화서동 708-2번지,37.28872938,126.982347,519.6,1996-10-30,2020-08-05
완충녹지 제256호,완충녹지,팔달구 화서동 729-2번지 ,37.28537972,126.9826434,526.5,1996-10-30,2020-08-05
완충녹지 제257호,완충녹지,팔달구 화서동 664번지,37.28650475,126.9919074,1423.4,1994-10-12,2020-08-05
완충녹지 제258호,완충녹지,팔달구 화서동 669번지,37.28541986,126.9911265,457.7,1994-10-12,2020-08-05
완충녹지 제259호,완충녹지,팔달구 화서동 661번지,37.28292715,126.9911836,3062.3,1994-10-12,2020-08-05
완충녹지 제260호,완충녹지,팔달구 화서동 656-1번지,37.28082872,126.9924198,1070,1994-10-12,2020-08-05
완충녹지 제261호,완충녹지,권선구 구운동 931-1번지 일원 ,37.27975414,126.96929,1134,1995-06-05,2020-08-05
완충녹지 제262호,완충녹지,권선구 구운동 956-1번지 ,37.27847041,126.9692038,2525,1995-06-05,2020-08-05
완충녹지 제263호,완충녹지,권선구 구운동 904-10번지 ,37.28308773,126.9713471,1889,1995-06-05,2020-08-05
완충녹지 제264호,완충녹지,권선구 구운동 919-7번지 ,37.28215179,126.9730351,2437,1995-06-05,2020-08-05
완충녹지 제265호,완충녹지,권선구 구운동 918-11번지 ,37.28217535,126.9746625,2009,1995-06-05,2020-08-05
완충녹지 제266호,완충녹지,권선구 구운동 893-1번지 ,37.28258132,126.9763449,2361,1995-06-05,2020-08-05
완충녹지 제267호,완충녹지,권선구 구운동 889-1번지 ,37.28578351,126.9790121,2772,1995-06-05,2020-08-05
완충녹지 제268호,완충녹지,권선구 구운동 888-2번지 ,37.28482918,126.9799463,1052,1995-06-05,2020-08-05
완충녹지 제269호,완충녹지,권선구 구운동 905-1번지,37.28447953,126.9731008,447,1995-06-05,2020-08-05
완충녹지 제270호,완충녹지,권선구 구운동 905-2번지,37.28444344,126.973293,488,1995-06-05,2020-08-05
완충녹지 제271호,완충녹지,권선구 구운동 905-3번지,37.28320238,126.9723677,410,1995-06-05,2020-08-05
완충녹지 제272호,완충녹지,권선구 구운동 905-4번지,37.28311375,126.9725372,406,1995-06-05,2020-08-05
완충녹지 제273호,완충녹지,권선구 구운동 926-1번지,37.28166799,126.9706466,740,1995-06-05,2020-08-05
완충녹지 제274호,완충녹지,권선구 탑동 743-6번지 ,37.27368618,126.9701791,1134.7,1995-06-05,2020-08-05
완충녹지 제275호,완충녹지,권선구 탑동 770-6번지 ,37.27216373,126.9708551,1255.9,1995-06-05,2020-08-05
완충녹지 제276호,완충녹지,권선구 탑동 771-6번지 ,37.27140871,126.9710572,1195.9,1995-06-05,2020-08-05
완충녹지 제277호,완충녹지,권선구 탑동 801-14번지 ,37.27079906,126.9712141,613.6,1995-06-05,2020-08-05
완충녹지 제278호,완충녹지,권선구 탑동 814-4번지,37.27027835,126.9713306,147.4,1995-06-05,2020-08-05
완충녹지 제279호,완충녹지,권선구 탑동 816-6번지 일원 ,37.26977855,126.9714226,1129.3,1995-06-05,2020-08-05
완충녹지 제280호,완충녹지,권선구 탑동 817-7번지 ,37.26896872,126.9716052,1201.2,1995-06-05,2020-08-05
완충녹지 제281호,완충녹지,권선구 탑동 818-6번지,37.26842881,126.9717324,273.5,1995-06-05,2020-08-05
완충녹지 제282호,완충녹지,장안구 정자동 840-104번지 일원,37.30524235,126.9936866,3198,1986-03-25,2020-08-05
완충녹지 제283호,완충녹지,장안구 정자동 408-1번지 일원,37.30144019,126.9947039,1436,1986-03-25,2020-08-05
완충녹지 제285호,완충녹지,장안구 송죽동 200-5번지 일원,37.30547231,127.0035653,1368,1974-08-27,2020-08-05
완충녹지 제286호,완충녹지,장안구 조원동 887번지 일원,37.30447091,127.0047048,3362,1974-08-27,2020-08-05
완충녹지 제288호,완충녹지,영통구 영통동 1054-2번지 ,37.26844232,127.0831916,7319.5,1994-01-10,2020-08-05
완충녹지 제289호,완충녹지,영통구 영통동 1053-1번지 ,37.26586585,127.0824826,3128.7,1994-01-10,2020-08-05
완충녹지 제290호,완충녹지,영통구 영통동 955-4번지 ,37.26229713,127.0808252,7417.2,1994-01-10,2020-08-05
완충녹지 제291호,완충녹지,영통구 영통동 1052-1번지,37.26257396,127.0818508,6381.7,1994-01-10,2020-08-05
완충녹지 제292호,완충녹지,영통구 영통동 1050-1번지,37.26048205,127.0803698,1334.5,1994-01-10,2020-08-05
완충녹지 제293호,완충녹지,영통구 영통동 956-3번지,37.25900461,127.0780089,3857.7,1994-01-10,2020-08-05
완충녹지 제294호,완충녹지,영통구 영통동 1048-1번지,37.25925046,127.0792099,1492.3,1994-01-10,2020-08-05
완충녹지 제295호,완충녹지,영통구 영통동 957-7번지,37.257033,127.0761314,3107.1,1994-01-10,2020-08-05
완충녹지 제296호,완충녹지,영통구 영통동 1047-2번지,37.25638658,127.0766802,4548.9,1994-01-10,2020-08-05
완충녹지 제297호,완충녹지,영통구 영통동 991-9번지,37.24780042,127.0753432,284.4,1994-01-10,2020-08-05
완충녹지 제298호,완충녹지,영통구 영통동 1046-6번지,37.25381598,127.0792724,1591.7,1994-01-10,2020-08-05
완충녹지 제299호,완충녹지,영통구 영통동 962-2번지,37.25812728,127.0670785,6983.4,1994-01-10,2020-08-05
완충녹지 제300호,완충녹지,영통구 영통동 962-4번지,37.25736244,127.0691998,1387,1994-01-10,2020-08-05
완충녹지 제301호,완충녹지,영통구 영통동 961-12번지,37.25538499,127.0677629,3108,1994-01-10,2020-08-05
완충녹지 제302호,완충녹지,영통구 영통동 961-15번지,37.25616199,127.0664316,2659,1994-01-10,2020-08-05
완충녹지 제303호,완충녹지,영통구 영통동 963-1번지,37.25564654,127.0658501,12229,1994-01-10,2020-08-05
완충녹지 제304호,완충녹지,영통구 영통동 963-5번지,37.2551384,127.0640368,1859,1994-01-10,2020-08-05
완충녹지 제305호,완충녹지,영통구 영통동 963-7번지,37.25449898,127.0634256,1313,1994-01-10,2020-08-05
완충녹지 제306호,완충녹지,영통구 영통동 965-1번지,37.25301609,127.0681835,4483,1994-01-10,2020-08-05
완충녹지 제307호,완충녹지,영통구 영통동 965-4번지,37.25232075,127.0692968,122,1994-01-10,2020-08-05
완충녹지 제308호,완충녹지,영통구 영통동 966-1번지 ,37.25204394,127.0697773,1316.8,1994-01-10,2020-08-05
완충녹지 제309호,완충녹지,영통구 영통동 966-3번지,37.25092172,127.0701639,3730,1994-01-10,2020-08-05
완충녹지 제310호,완충녹지,영통구 영통동 989-1번지 ,37.25047649,127.0709527,3435,1994-01-10,2020-08-05
완충녹지 제311호,완충녹지,영통구 영통동 989-8번지 ,37.2503982,127.0725137,1162,1994-01-10,2020-08-05
완충녹지 제312호,완충녹지,영통구 영통동 967-1번지,37.24901914,127.0684612,3077.9,1994-01-10,2020-08-05
완충녹지 제313호,완충녹지,영통구 영통동 988-1번지 ,37.24896335,127.0693364,2122,1994-01-10,2020-08-05
완충녹지 제314호,완충녹지,영통구 영통동 988-9번지 ,37.24711551,127.0688696,8176,1994-01-10,2020-08-05
완충녹지 제315호,완충녹지,영통구 영통동 988-7번지,37.2472327,127.0722861,2267,1994-01-10,2020-08-05
완충녹지 제316호,완충녹지,영통구 영통동 988-5번지 ,37.2475272,127.07362,1183,1994-01-10,2020-08-05
완충녹지 제317호,완충녹지,영통구 영통동 991-8번지 ,37.24770635,127.0746586,1067.5,1994-01-10,2020-08-05
완충녹지 제318호,완충녹지,영통구 영통동 970-4번지,37.24700194,127.065888,6377.7,1994-01-10,2020-08-05
완충녹지 제319호,완충녹지,영통구 영통동 971-2번지 ,37.24643431,127.0625689,4200.3,1994-01-10,2020-08-05
완충녹지 제320호,완충녹지,영통구 영통동 981-1번지 일원 ,37.24572901,127.0618285,1476.8,1994-01-10,2020-08-05
완충녹지 제323호,완충녹지,영통구 영통동 973-1번지 ,37.2497428,127.0588771,874,1994-01-10,2020-08-05
완충녹지 제324호,완충녹지,영통구 영통동 973-5번지 ,37.24877926,127.0579581,4100,1994-01-10,2020-08-05
완충녹지 제325호,완충녹지,영통구 영통동 972-1번지 ,37.2512588,127.0603262,4496,1994-01-10,2020-08-05
완충녹지 제326호,완충녹지,영통구 영통동 972-7번지 ,37.25018018,127.0592945,1134,1994-01-10,2020-08-05
완충녹지 제327호,완충녹지,영통구 영통동 964-1번지 ,37.25408071,127.0630264,594,1994-01-10,2020-08-05
완충녹지 제328호,완충녹지,영통구 영통동 964-7번지 ,37.25307095,127.0620596,4734,1994-01-10,2020-08-05
완충녹지 제329호,완충녹지,영통구 영통동 948-1번지 ,37.26707365,127.079702,3306.7,1994-01-10,2020-08-05
완충녹지 제330호,완충녹지,영통구 영통동 948-6번지 ,37.26530596,127.0817227,1344.8,1994-01-10,2020-08-05
완충녹지 제331호,완충녹지,영통구 영통동 983-1번지 ,37.24567854,127.0660895,609.7,1995-11-04,2020-08-05
완충녹지 제332호,완충녹지,영통구 영통동 982-1번지 ,37.2451486,127.0655806,273.4,1995-11-04,2020-08-05
완충녹지 제333호,완충녹지,영통구 매탄동 1313번지 일원,37.2614471,127.0495434,4168,1998-02-27,2020-08-05
완충녹지 제334호,완충녹지,영통구 매탄동 1339번지 일원,37.25489829,127.0448611,9387,1998-02-27,2020-08-05
완충녹지 제335호,완충녹지,영통구 매탄동 1351번지 일원,37.25190162,127.0425039,2432,1998-02-27,2020-08-05
완충녹지 제336호,완충녹지,영통구 매탄동 1335번지 ,37.25855578,127.0439483,2611.1,1998-02-27,2020-08-05
완충녹지 제337호,완충녹지,영통구 매탄동 1337번지 ,37.25836195,127.0454216,511.8,1998-02-27,2020-08-05
완충녹지 제338호,완충녹지,영통구 매탄동 1347번지 일원,37.25400316,127.0400536,1163,1998-02-27,2020-08-05
완충녹지 제339호,완충녹지,영통구 매탄동 1349번지 ,37.25276708,127.040905,1713,1998-02-27,2020-08-05
완충녹지 제341호,완충녹지,영통구 영통동 1135-1번지 일원,37.24427717,127.0648788,653,1998-02-27,2020-08-05
완충녹지 제342호,완충녹지,영통구 망포동 436-16번지,37.24326107,127.0639217,359.5,1998-02-27,2020-08-05
완충녹지 제345호,완충녹지,영통구 망포동 470-2번지 일원,37.24187472,127.0638996,1380,1998-02-27,2020-08-05
완충녹지 제346호,완충녹지,영통구 망포동 509-6번지 일원,37.24068447,127.0632431,1405,1998-02-27,2020-08-05
완충녹지 제347호,완충녹지,영통구 망포동 479-3번지 일원,37.23897509,127.063025,3325,1998-02-27,2020-08-05
완충녹지 제348호,완충녹지,장안구 이목동 657번지 일원,37.31772513,126.9878818,3217,2003-06-21,2020-08-05
완충녹지 제349호,완충녹지,장안구 이목동 889번지 일원,37.31435779,126.9879691,2959,2003-06-21,2020-08-05
완충녹지 제350호,완충녹지,팔달구 인계동 384-3번지,37.26972651,127.0353104,592,2005-04-04,2020-08-05
완충녹지 제351호,완충녹지,팔달구 인계동 384-4번지,37.26828794,127.0347212,598.1,2005-04-04,2020-08-05
완충녹지 제352호,완충녹지,팔달구 인계동 465-5번지,37.26962809,127.0347244,225,2005-04-04,2020-08-05
완충녹지 제353호,완충녹지,팔달구 인계동 465-6번지,37.26827795,127.0341739,879.4,2005-04-04,2020-08-05
완충녹지 제354호,완충녹지,권선구 권선동 1241-3번지,37.25218289,127.0368154,299.7,2005-04-04,2020-08-05
완충녹지 제385호,완충녹지,팔달구 화서동 764번지,37.28489532,126.9951707,1009.7,2007-03-05,2020-08-05
완충녹지 제386호,완충녹지,장안구 조원동 910-1번지,37.30605067,127.0133522,335,2007-09-03,2020-08-05
완충녹지 제387호,완충녹지,영통구 망포동 28-7번지 일원,37.24535402,127.0537666,1618.4,2007-09-03,2020-08-05
완충녹지 제388호,완충녹지,영통구 망포동 723-1번지,37.24044948,127.0558864,897,2007-09-03,2020-08-05
완충녹지 제389호,완충녹지,영통구 망포동 366-2번지 일원,37.2424396,127.0554349,771,2007-09-03,2020-08-05
완충녹지 제390호,완충녹지,영통구 망포동 720-1번지 ,37.24392171,127.0554587,692,2007-09-03,2020-08-05
완충녹지 제391호,완충녹지,영통구 망포동 349번지 일원,37.24392402,127.0617537,1209,2007-09-03,2020-08-05
완충녹지 제392호,완충녹지,영통구 망포동 424-10번지 일원,37.24246991,127.0608279,537.5,2007-09-03,2020-08-05
완충녹지 제393호,완충녹지,영통구 망포동 347-8번지 일원,37.24345009,127.0609533,456.5,2007-09-03,2020-08-05
완충녹지 제394호,완충녹지,영통구 망포동 436-35번지 일원,37.24288307,127.0637032,596.1,2007-09-03,2020-08-05
완충녹지 제395호,완충녹지,권선구 고색동 991-4번지,37.23966473,126.9806037,2938,2007-07-23,2020-08-05
완충녹지 제396호,완충녹지,권선구 세류동 1250번지,37.25826726,127.0080609,696.7,2007-03-05,2020-08-05
완충녹지 제397호,완충녹지,권선구 고색동 990-4번지,37.23842437,126.9811599,3130,2007-07-23,2020-08-05
완충녹지 제398호,완충녹지,권선구 고색동 989-4번지,37.23727065,126.9816705,1733,2007-07-23,2020-08-05
완충녹지 제399호,완충녹지,권선구 고색동 993번지,37.23771322,126.9782593,9005,2007-07-23,2020-08-05
완충녹지 제400호,완충녹지,권선구 세류동 1280-2번지,37.26089354,127.0043424,1202,2006-12-11,2020-08-05
완충녹지 제405호,완충녹지,팔달구 고등동 270-5번지 일원,37.27155014,126.9976637,3354,2006-12-11,2020-08-05
완충녹지 제406호,완충녹지,팔달구 고등동 272-54번지 일원,37.27245507,126.9972825,577,2006-12-11,2020-08-05
완충녹지 제407호,완충녹지,권선구 권선동 곡반정동 612-1번지,37.24924191,127.0184003,3168,1996-10-04,2020-08-05
완충녹지 제408호,완충녹지,권선구 곡반정동 613-6번지,37.23224759,127.0227858,3921,1996-10-04,2020-08-05
완충녹지 제409호,완충녹지,권선구 곡반정동 503-11번지,37.24613929,127.0332307,2409,1996-10-04,2020-08-05
완충녹지 제410호,완충녹지,권선구 곡반정동 506-7번지,37.24585368,127.0344436,1129,1996-10-04,2020-08-05
완충녹지 제411호,완충녹지,권선구 곡반정동 511-12번지,37.24572534,127.0349538,204,1996-10-04,2020-08-05
완충녹지 제412호,완충녹지,권선구 곡반정동 504-13번지,37.24559058,127.0321136,1015,1996-10-04,2020-08-05
완충녹지 제413호,완충녹지,권선구 곡반정동 515-10번지,37.24466238,127.0315995,836,1996-10-04,2020-08-05
완충녹지 제414호,완충녹지,권선구 곡반정동 516-11번지,37.24378061,127.0311076,1064,1996-10-04,2020-08-05
완충녹지 제415호,완충녹지,권선구 곡반정동 529-9번지,37.24270345,127.0304023,734,1996-10-04,2020-08-05
완충녹지 제416호,완충녹지,권선구 곡반정동 539-9번지,37.24197298,127.0297633,1034,1996-10-04,2020-08-05
완충녹지 제417호,완충녹지,권선구 곡반정동 559-2번지,37.23978877,127.0283495,492,1996-10-04,2020-08-05
완충녹지 제418호,완충녹지,권선구 곡반정동 564-10번지,37.23914854,127.0281146,145,1996-10-04,2020-08-05
완충녹지 제419호,완충녹지,권선구 곡반정동 565-11번지,37.23849886,127.0277926,1064,1996-10-04,2020-08-05
완충녹지 제420호,완충녹지,권선구 곡반정동 578-1번지,37.23714207,127.0268062,2133,1996-10-04,2020-08-05
완충녹지 제421호,완충녹지,권선구 곡반정동 582-9번지,37.23585093,127.0252941,756,1996-10-04,2020-08-05
완충녹지 제422호,완충녹지,권선구 곡반정동 583-9번지,37.23530619,127.0244022,911,1996-10-04,2020-08-05
완충녹지 제423호,완충녹지,권선구 곡반정동 602-8번지,37.23467414,127.0233902,579,1996-10-04,2020-08-05
완충녹지 제424호,완충녹지,권선구 곡반정동 612-3번지,37.23354753,127.0229938,1165,1996-10-04,2020-08-05
완충녹지 제425호,완충녹지,권선구 권선동 1361-4번지 일원,37.2444154,127.0306973,4775,2008-11-04,2020-08-05
완충녹지 제426호,완충녹지,권선구 권선동 1360-3번지 일원,37.24421277,127.0268125,3271,2008-11-04,2020-08-05
완충녹지 제427호,완충녹지,권선구 권선동 1367-15번지,37.24674908,127.0261415,518,2008-11-04,2020-08-05
완충녹지 제428호,완충녹지,권선구 권선동 1367-16번지,37.24599496,127.0256917,667,2008-11-04,2020-08-05
완충녹지 제429호,완충녹지,권선구 권선동 1367-17번지,37.24442721,127.0248756,1087,2008-11-04,2020-08-05
완충녹지 제430호,완충녹지,권선구 권선동 1357-1번지 일원,37.24365218,127.0280232,7913,2008-11-04,2020-08-05
완충녹지 제431호,완충녹지,권선구 권선동 1358-2번지 일원,37.24023021,127.0261482,4838,2008-11-04,2020-08-05
완충녹지 제432호,완충녹지,권선구 권선동 1367-18번지,37.24215024,127.0245616,2231,2008-11-04,2020-08-05
완충녹지 제433호,완충녹지,권선구 권선동 1367-21번지 일원,37.24023337,127.0241602,3109,2008-11-04,2020-08-05
완충녹지 제434호,완충녹지,권선구 권선동 1356-2번지 일원,37.23963124,127.0267616,4884,2008-11-04,2020-08-05
완충녹지 제435호,완충녹지,권선구 권선동 1355-1번지 일원,37.23946535,127.024384,2917,2008-11-04,2020-08-05
완충녹지 제436호,완충녹지,권선구 권선동 1367-22번지,37.23920443,127.0238008,501,2008-11-04,2020-08-05
완충녹지 제437호,완충녹지,권선구 권선동 1351-1번지 일원,37.23472516,127.0224064,2712,2008-11-04,2020-08-05
완충녹지 제440호,완충녹지,권선구 권선동 1345-56번지 일원,37.24161695,127.0196401,1118,2008-11-04,2020-08-05
완충녹지 제441호,완충녹지,권선구 권선동 1341-14번지,37.24182582,127.0188358,376,2008-11-04,2020-08-05
완충녹지 제442호,완충녹지,권선구 권선동 1339-2번지,37.24236226,127.0205139,1532,2008-11-04,2020-08-05
완충녹지 제443호,완충녹지,권선구 권선동 1340-1번지,37.2436726,127.0179921,2060,2008-11-04,2020-08-05
완충녹지 제444호,완충녹지,권선구 권선동 1338-1번지,37.24398892,127.0204248,2099,2008-11-04,2020-08-05
완충녹지 제445호,완충녹지,권선구 권선동 1367-23번지 일원,37.24386134,127.0214129,2156,2008-11-04,2020-08-05
완충녹지 제446호,완충녹지,권선구 권선동 1337-4번지 일원,37.24807137,127.0205716,4536,2008-11-04,2020-08-05
완충녹지 제447호,완충녹지,권선구 권선동 1367-25번지,37.24706623,127.0214216,2280,2008-11-04,2020-08-05
완충녹지 제448호,완충녹지,권선구 세류동 820-33번지 일원(중2-20호선변),37.26340361,127.0198379,3407,2009-01-12,2020-08-05
완충녹지 제449호,완충녹지,권선구 세류동 836-3번지 일원(대1-12호선변),37.26219893,127.0167463,3251,2009-01-12,2020-08-05
완충녹지 제450호,완충녹지,권선구 세류동 146-9번지 일원(대3-15호선),37.262739,127.0145382,536,2009-01-12,2020-08-05
완충녹지 제451호,완충녹지,장안구 정자동 546-4번지 일원,37.30771826,126.9888951,4972,2009-05-14,2020-08-05
완충녹지 제452호,완충녹지,장안구 정자동 572-10번지 일원(중1-16 도로변),37.31207175,126.9862339,426,2009-05-08,2020-08-05
완충녹지 제459호,완충녹지,권선구 고색동 377-8번지 일원,37.24904732,126.9799135,1412.7,2009-05-25,2020-08-05
완충녹지 제460호,완충녹지,권선구 고색동 67-6번지 일원,37.24951695,126.9815706,1017.7,2009-05-25,2020-08-05
완충녹지 제461호,완충녹지,권선구 고색동 349-8번지 일원,37.24627388,126.9807119,1677.9,2009-05-25,2020-08-05
완충녹지 제462호,완충녹지,권선구 서둔동 105-12번지 일원,37.27077869,126.9859017,1599,2009-09-29,2020-08-05
완충녹지 제463호,완충녹지,권선구 오목천동 1180-1번지 일원,37.23579641,126.9727691,5591.8,2009-12-07,2020-08-05
완충녹지 제465호,완충녹지,장안구 정자동 946-1번지 일원,37.30828831,126.9881968,2173,2010-05-04,2020-08-05
완충녹지 제466호,완충녹지,장안구 정자동 945-4번지,37.30928735,126.9841558,1008,2010-05-04,2020-08-05
완충녹지 제467호,완충녹지,장안구 정자동 945-5번지 일원,37.30820049,126.985802,4474,2010-05-04,2020-08-05
완충녹지 제468호,완충녹지,장안구 정자동 945-7번지,37.30662675,126.9884871,2535,2010-05-04,2020-08-05
완충녹지 제469호,완충녹지,장안구 정자동 945-8번지 일원,37.30548056,126.9876361,6146,2010-05-04,2020-08-05
완충녹지 제470호,완충녹지,장안구 정자동 945-14번지,37.30497295,126.985548,11376,2010-05-04,2020-08-05
완충녹지 제472호,완충녹지,권선구 고색동 998번지(대로1-31호선변),37.2439727,126.9793996,4272.5,2010-05-11,2020-08-05
완충녹지 제473호,완충녹지,권선구 고색동 1002번지,37.24247893,126.9800811,2964,2010-05-11,2020-08-05
완충녹지 제474호,완충녹지,권선구 고색동 1071번지,37.24042831,126.980994,6549.1,2010-05-11,2020-08-05
완충녹지 제475호,완충녹지,권선구 고색동 1075번지,37.23862033,126.9818211,3001.6,2010-05-11,2020-08-05
완충녹지 제476호,완충녹지,권선구 고색동 1166번지,37.23681539,126.9826275,4669,2010-05-11,2020-08-05
완충녹지 제477호,완충녹지,권선구 고색동 1067번지,37.24290588,126.9898903,2381.4,2010-05-11,2020-08-05
완충녹지 제478호,완충녹지,권선구 고색동 1162번지,37.2402422,126.9884819,5649.4,2010-05-11,2020-08-05
완충녹지 제479호,완충녹지,권선구 고색동 1168번지 일원,37.23793908,126.9872491,1644,2010-05-11,2020-08-05
완충녹지 제480호,완충녹지,영통구 신동 949-1번지 ,37.24520997,127.0428162,1173,2010-06-18,2020-08-05
완충녹지 제481호,완충녹지,영통구 신동 950-5번지,37.24545613,127.0455158,1903,2010-06-18,2020-08-05
완충녹지 제482호,완충녹지,영통구 신동 950-4번지 일원,37.24593514,127.0471794,1342,2010-06-18,2020-08-05
완충녹지 제483호,완충녹지,영통구 신동 950-1번지,37.24776914,127.0469449,1563,2010-06-18,2020-08-05
완충녹지 제484호,완충녹지,영통구 신동 945-2번지 일원,37.24902525,127.0450146,1987,2010-06-18,2020-08-05
완충녹지 제1호(신동),완충녹지,화성시 반정동 619번지,37.2451462,127.0415169,605.8,2010-06-18,2020-08-05
완충녹지 제485호,완충녹지,팔달구 지동 325번지 일원,37.27769143,127.0209695,809,2010-06-01,2020-08-05
완충녹지 제486호,완충녹지,팔달구 지동 354-93번지 일원,37.27820994,127.0218578,1242,2010-06-01,2020-08-05
완충녹지 제487호,완충녹지,팔달구 인계동 548-2번지 일원,37.26720718,127.0214514,2542.2,2010-07-26,2020-08-05
완충녹지 제488호,완충녹지,팔달구 인계동 576-22번지 일원,37.26486792,127.0205594,2108,2010-07-26,2020-08-05
완충녹지 제489호,완충녹지,장안구 정자동 623-3번지 일원,37.302825,126.9880747,1128,2012-11-07,2020-08-05
완충녹지 제490호,완충녹지,영통구 망포동 730번지 일원,37.24512246,127.0482263,1116.2,2013-10-04,2020-08-05
완충녹지 제491호,완충녹지,영통구 망포동 732번지 일원,37.24517031,127.0496875,1288.7,2013-10-04,2020-08-05
완충녹지 제492호,완충녹지,영통구 망포동 751번지 일원,37.24056048,127.0464572,1042.2,2013-10-04,2020-08-05
완충녹지 제494호,완충녹지,권선구 서둔동 9-24번지 일원,37.27199008,126.9903228,1808.2,2015-01-20,2020-08-05
완충녹지 제495호,완충녹지,권선구 서둔동 14-37번지 일원,37.27207559,126.9881131,4198.8,2015-01-20,2020-08-05
완충녹지 제496호,완충녹지,영통구 매탄동 908번지 일원,37.26760643,127.0402699,2919.8,2015-12-16,2020-08-05
완충녹지 제497호,완충녹지,팔달구 교동 282번지 일원,37.266843,127.0116307,2701,2009-05-25,2020-08-05
완충녹지 제498호,완충녹지,팔달구 교동 113-26번지 일원,37.27299702,127.0159326,3768,2009-05-25,2020-08-05
완충녹지 제499호,완충녹지,팔달구 고등동 171-4번지 일원,37.27691033,127.0029513,1587,2016-10-10,2020-08-05
완충녹지 제500호,완충녹지,영통구 망포동 759번지,37.24462184,127.0427527,1655,2016-11-01,2020-08-05
완충녹지 제501호,완충녹지,영통구 망포동 765번지,37.24384211,127.0460715,6495.1,2016-11-01,2020-08-05
완충녹지 제502호,완충녹지,영통구 망포동 121-56번지 일원,37.23934617,127.040441,2041,2016-11-01,2020-08-05
완충녹지 제504호,완충녹지,영통구 망포동 92-13번지 일원,37.23931211,127.0431134,1455,2016-11-01,2020-08-05
완충녹지 제1호(반정),완충녹지,영통구 망포동 777-2번지 일원,37.23389942,127.0478955,639,2018-06-26,2020-08-05
완충녹지 제2호(반정),완충녹지,영통구 망포동 777-10번지 일원,37.23389942,127.0478955,1608,2018-06-26,2020-08-05
완충녹지 제508호,완충녹지,영통구 망포동 621번지 일원,37.23353005,127.0545181,5497.9,2017-02-08,2020-08-05
완충녹지 제1호(영통),완충녹지,영통구 영통동 1136번지 일원,37.24442175,127.0648398,1344,2008-09-11,2020-08-05
완충녹지 제7호(광교),완충녹지,영통구 이의동 1016-12 일원,37.30668076,127.0374853,117780,1996-07-05,2020-08-05
완충녹지 제199호(광교),완충녹지,영통구 이의동 1232-1번지 일원,37.29980308,127.0592154,42687,2007-06-28,2020-08-05
완충녹지 제200호(광교),완충녹지,영통구 이의동 1223-1번지 일원,37.31177401,127.0549601,10557.7,2007-06-28,2020-08-05
완충녹지 제201호(광교),완충녹지,영통구 이의동 1207-1번지 일원,37.30372697,127.0450384,23878.7,2007-06-28,2020-08-05
완충녹지 제202호(광교),완충녹지,영통구 하동 1001-3번지 일원,37.29444604,127.0833309,14290.7,2007-06-28,2020-08-05
완충녹지 제203호(광교),완충녹지,영통구 하동 1034-1번지 일원,37.27555173,127.066955,6740,2007-06-28,2020-08-05
완충녹지 제204호(광교),완충녹지,영통구 이의동 925-2번지 일원,37.29700374,127.041432,38423.8,2007-06-28,2020-08-05
완충녹지 제205호(광교),완충녹지,영통구 원천동 606-2번지,37.27228819,127.0563039,7109.8,2007-06-28,2020-08-05
완충녹지 제206호(광교),완충녹지,영통구 원천동 산58-14번지 일원,37.27501227,127.0522376,16859.2,2007-06-28,2020-08-05
완충녹지 제207호(광교),완충녹지,영통구 원천동 582-11번지 일원,37.27692532,127.0498634,8091.8,2007-06-28,2020-08-05
완충녹지 제208호(광교),완충녹지,영통구 이의동 1346-1번지 일원,37.29013678,127.0489927,1608.2,2007-06-28,2020-08-05
완충녹지 제209호(광교),완충녹지,영통구 이의동 1326-2번지 일원,37.29120067,127.0516917,1534.2,2007-06-28,2020-08-05
완충녹지 제210호(광교),완충녹지,영통구 이의동 1214-1번지,37.30843204,127.0486954,2752.5,2007-06-28,2020-08-05
완충녹지 제211호(광교),완충녹지,영통구 원천동 593-2번지,37.27432494,127.0630095,649.6,2007-06-28,2020-08-05
완충녹지 제212호(광교),완충녹지,영통구 원천동 599번지,37.2707692,127.064429,7611.4,2007-06-28,2020-08-05
완충녹지 제213호(광교),완충녹지,영통구 하동 1025-2번지,37.27688925,127.0694464,233.2,2007-06-28,2020-08-05
완충녹지 제214호(광교),완충녹지,영통구 하동 961-7번지 일원,37.29330258,127.0720097,1174.4,2007-06-28,2020-08-05
완충녹지 제215호(광교),완충녹지,영통구 이의동 1364-2번지,37.28510076,127.0389664,1197.5,2007-06-28,2020-08-05
완충녹지 제216호(광교),완충녹지,영통구 원천동 570번지,37.27896239,127.0509691,1273.6,2007-06-28,2020-08-05
완충녹지 제217호(광교),완충녹지,영통구 이의동 1288-4번지,37.29318875,127.0366306,756.8,2007-06-28,2020-08-05
완충녹지 제219호(광교),완충녹지,영통구 이의동 1294-4번지 일원,37.29558246,127.0558831,318.5,2007-06-28,2020-08-05
완충녹지 제220호(광교),완충녹지,영통구 이의동 1258-9번지,37.30019573,127.0447992,110.3,2007-06-28,2020-08-05
완충녹지 제221호(광교),완충녹지,영통구 이의동 산87-1번지 일원,37.30450332,127.0360792,39375.5,2007-06-28,2020-08-05
완충녹지 제222호(광교),완충녹지,영통구 원천동 600-6번지 일원,37.26939999,127.063763,141.6,2007-06-28,2020-08-05
완충녹지 제223호(광교),완충녹지,영통구 이의동 1217-2번지,37.30916371,127.0519889,129.5,2007-06-28,2020-08-05
완충녹지 제224호(광교),완충녹지,영통구 이의동 1252-1번지,37.30290157,127.0378427,3020.1,2010-07-07,2020-08-05
완충녹지 제225호(광교),완충녹지,영통구 이의동 1363-2번지,37.28557392,127.0399639,1230.6,2011-06-14,2020-08-05
완충녹지 제226호(광교),완충녹지,영통구 이의동 1240-2번지,37.29606415,127.0482437,1743.6,2011-06-14,2020-08-05
완충녹지 제227호(광교),완충녹지,영통구 하동 1007-2번지 일원,37.28663414,127.0782374,1264.8,2011-12-29,2020-08-05
완충녹지 제228호(광교),완충녹지,영통구 원천동 589-2번지 일원,37.27906923,127.0589933,2061.1,2013-08-19,2020-08-05
완충녹지 제229호(광교),완충녹지,영통구 이의동 1251-5번지 일원,37.30330291,127.0399466,6435.8,2015-11-10,2020-08-05
완충녹지 제355호(호매실),완충녹지,권선구 금곡동 1076-2번지,37.27443872,126.9425581,1335.6,2006-12-20,2020-08-05
완충녹지 제356호(호매실),완충녹지,권선구 호매실동 1408-2번지,37.25417722,126.9617422,818.9,2008-01-11,2020-08-05
완충녹지 제357호(호매실),완충녹지,권선구 금곡동 1073-1번지,37.2742786,126.9449737,977.3,2006-12-20,2020-08-05
완충녹지 제358호(호매실),완충녹지,권선구 금곡동 1072-1번지,37.27399312,126.9473433,2976.6,2006-12-20,2020-08-05
완충녹지 제359호(호매실),완충녹지,권선구 금곡동 1095-1번지,37.27354224,126.9473367,3357.3,2006-12-20,2020-08-05
완충녹지 제360호(호매실),완충녹지,권선구 금곡동 1081-2번지,37.27296927,126.9382224,2553.8,2006-12-20,2020-08-05
완충녹지 제361호(호매실),완충녹지,권선구 금곡동1081-3번지,37.27116535,126.9383759,1406.6,2006-12-20,2020-08-05
완충녹지 제362호(호매실),완충녹지,권선구 금곡동 1100-1번지,37.26971727,126.9388333,812.4,2006-12-20,2020-08-05
완충녹지 제363호(호매실),완충녹지,권선구 금곡동 1100-2번지,37.26879778,126.939075,985,2006-12-20,2020-08-05
완충녹지 제364호(호매실),완충녹지,권선구 금곡동 1100-3번지,37.26790841,126.939358,1221.6,2006-12-20,2020-08-05
완충녹지 제365호(호매실),완충녹지,권선구 호매실동 1340-4번지,37.26773868,126.9413548,2085.1,2006-12-20,2020-08-05
완충녹지 제366호(호매실),완충녹지,권선구 호매실동 1346-6번지,37.26790313,126.9430989,1649.3,2006-12-20,2020-08-05
완충녹지 제367호(호매실),완충녹지,권선구 금곡동 339번지 일원,37.27710083,126.9469944,11178,2006-12-20,2020-08-05
완충녹지 제368호(호매실),완충녹지,권선구 호매실동 1356번지,37.26683912,126.9476862,2765.1,2006-12-20,2020-08-05
완충녹지 제369호(호매실),완충녹지,권선구 호매실동 1361-2번지,37.26594734,126.9516475,2865.3,2006-12-20,2020-08-05
완충녹지 제370호(호매실),완충녹지,권선구 호매실동 1371-1번지,37.26593389,126.9591743,2356.6,2006-12-20,2020-08-05
완충녹지 제372호(호매실),완충녹지,권선구 호매실동 1386-2번지,37.26190442,126.9541895,3388.1,2006-12-20,2020-08-05
완충녹지 제373호(호매실),완충녹지,권선구 호매실동 1386-4번지,37.26182975,126.9563143,1931.6,2006-12-20,2020-08-05
완충녹지 제374호(호매실),완충녹지,권선구 호매실동 1387번지,37.26151868,126.9521435,8740.9,2006-12-20,2020-08-05
완충녹지 제375호(호매실),완충녹지,권선구 호매실동 1387-2번지,37.26135222,126.9562637,1229.5,2006-12-20,2020-08-05
완충녹지 제376호(호매실),완충녹지,권선구 호매실동 1394-1번지,37.26088672,126.9615631,3612.3,2006-12-20,2020-08-05
완충녹지 제378호(호매실),완충녹지,권선구 호매실동 1394-2번지,37.25925444,126.9621412,1302.2,2006-12-20,2020-08-05
완충녹지 제379호(호매실),완충녹지,권선구 호매실동 1414-1번지,37.25800856,126.9620271,1142.3,2006-12-20,2020-08-05
완충녹지 제380호(호매실),완충녹지,권선구 호매실동 1414-3번지,37.25709838,126.9619578,1185.2,2006-12-20,2020-08-05
완충녹지 제382호(호매실),완충녹지,권선구 호매실동 1408-1번지,37.25512585,126.9616066,1444.6,2006-12-20,2020-08-05
완충녹지 제383호(호매실),완충녹지,권선구 호매실동 1407-1번지,37.25479128,126.9623376,1521.9,2006-12-20,2020-08-05
완충녹지 제384호(호매실),완충녹지,권선구 호매실동 1374-2번지,37.26658548,126.9613947,436.2,2006-12-20,2020-08-05
완충녹지 제451호(호매실),완충녹지,권선구 호매실동 1404-1번지,37.25804764,126.9643398,3202.8,2010-11-15,2020-08-05
완충녹지 제452호(호매실),완충녹지,권선구 호매실동 1405-1번지,37.25721238,126.9644505,4158.5,2010-11-15,2020-08-05
완충녹지 제453호(호매실),완충녹지,권선구 호매실동 1410-10번지,37.25591397,126.9616242,2309.3,2010-11-15,2020-08-05
완충녹지 제454호(호매실),완충녹지,권선구 호매실동 1409-5번지,37.25585167,126.9605007,834.3,2010-11-15,2020-08-05
완충녹지 제455호(호매실),완충녹지,권선구 호매실동 1393-1번지,37.26118462,126.9588542,2333,2010-11-15,2020-08-05
완충녹지 제456호(호매실),완충녹지,권선구 금곡동 1061-4번지,37.27798636,126.9432949,1266.4,2010-11-15,2020-08-05
완충녹지 제457호(호매실),완충녹지,권선구 호매실동 1361-1번지,37.26617143,126.94985,227.4,2010-11-15,2020-08-05
완충녹지 제509호(당수-1),완충녹지,권선구 당수동 301 일원,37.28944962,126.938875,692,2017-03-28,2020-08-05
완충녹지 제510호(당수-2),완충녹지,권선구 당수동 249-2 일원,37.28913632,126.9398519,684,2017-03-28,2020-08-05
완충녹지 제511호(당수-3),완충녹지,권선구 당수동 337-3 일원,37.28820701,126.9434148,1311,2017-03-28,2020-08-05
완충녹지 제512호(당수-4),완충녹지,권선구 당수동 468 일원,37.28412266,126.9383397,2300,2017-03-28,2020-08-05
완충녹지 제513호(당수-5),완충녹지,권선구 당수동 446 일원,37.2836835,126.9395599,2817,2017-03-28,2020-08-05
완충녹지 제514호(당수-6),완충녹지,권선구 당수동 437-6 일원,37.28493782,126.9398621,632,2017-03-28,2020-08-05
완충녹지 제515호(당수-7),완충녹지,권선구 당수동 388 일원,37.28696916,126.9459784,815,2017-03-28,2020-08-05
완충녹지 제515호,완충녹지,장안구 이목동 397 일원,37.31063745,126.9795719,2401,2020-05-15,2020-08-05
완충녹지 제516호,완충녹지,장안구 이목동 41-3 일원,37.32333288,126.9770433,5705,2020-05-15,2020-08-05
